活动ID,活动域名,预计上线时间,预计下线时间,片区,运营
641012705,http://ott.act.qq.com,2018/3/5 0:00,2028/12/31 23:59,1,qrangechen
641012660,http://tams.act.qq.com,2018/1/31 0:00,2028/12/31 23:59,1,chloedong
641011956,http://taizilelbs.act.qq.com,2016/5/20 23:59,2026/5/20 23:59,2,viviancai
641011923,http://changyu.act.qq.com,2016/4/18 23:59,2026/4/18 23:59,2,reneeliang
641011152,http://weixinwebauth.act.qq.com,2014/12/23 0:00,2024/12/31 23:59,2,qinyudeng
641010633,http://huodong.qq.com,2014/4/24 17:00,2022/4/30 23:59,4,seekyhuang
641010633,http://huodong.qq.com,2014/4/24 17:00,2022/4/30 23:59,4,marchzhang
641010633,http://huodong.qq.com,2014/4/24 17:00,2022/4/30 23:59,4,yulinzeng
641010633,http://huodong.qq.com,2014/4/24 17:00,2022/4/30 23:59,4,willswhuang
641010633,http://huodong.qq.com,2014/4/24 17:00,2022/4/30 23:59,4,ziweizhou
641010633,http://huodong.qq.com,2014/4/24 17:00,2022/4/30 23:59,4,qinyudeng
641010633,http://huodong.qq.com,2014/4/24 17:00,2022/4/30 23:59,4,sisyzhang
641010633,http://huodong.qq.com,2014/4/24 17:00,2022/4/30 23:59,4,lixu
641010633,http://huodong.qq.com,2014/4/24 17:00,2022/4/30 23:59,4,micyjiang
641010633,http://huodong.qq.com,2014/4/24 17:00,2022/4/30 23:59,4,martycao
641010633,http://huodong.qq.com,2014/4/24 17:00,2022/4/30 23:59,4,ivyjiang
641010633,http://huodong.qq.com,2014/4/24 17:00,2022/4/30 23:59,4,sweettang
641012575, https://maifudi.act.qq.com,2017/12/22 23:59,2020/12/31 23:59,2,yanren
640909143,http://www.tencentmind.com,2009/12/8 0:00,2020/9/30 23:59,1,flameliu
641010178,http://fengchi.qq.com,2013/4/7 0:59,2020/4/30 23:59,4,lenwang
641011288,http://tams.qq.com,2015/4/7 23:59,2020/3/31 23:59,1,didizhou
641011288,http://tams.qq.com,2015/4/7 23:59,2020/3/31 23:59,1,kkyang
641011090,http://ttzdj.qq.com,2015/2/4 15:45,2020/2/14 23:59,3,yongwang
641012829,http://nestlecafe.act.qq.com,2018/7/20 0:00,2019/12/31 23:59,3,doradding
641012788,http://clearsports.qq.com,2018/6/18 18:00,2019/12/31 23:59,1,micwang
641012858,http://space7.act.qq.com,2018/8/23 0:00,2019/8/31 23:59,3,valdisjiang
641012821,nestlear.act.qq.com,2018/7/10 0:00,2019/7/31 23:59,3,doradding
641012785,http://philipsod.act.qq.com,2018/6/11 0:00,2019/7/31 23:59,1,haozeng
641012806,http://GLARNG.ACT.QQ.COM,2018/6/14 18:00,2019/7/31 23:59,2,jqchen
641012761,http://mercedesamg.act.qq.com,2018/4/26 14:00,2019/1/31 23:59,2,amyfliu
641012680,http://stride2018.act.qq.com/,2018/1/31 0:00,2019/1/31 23:59,1,eericaqiao
641012879,http://havalf5.act.qq.com,2018/9/28 23:00,2018/12/31 23:59,2,mussetwang
641012784,http://201805ga4.act.qq.com,2018/5/24 18:00,2018/12/31 23:59,3,maxsu
641012718,http://meizuct.act.qq.com,2018/3/6 0:00,2018/12/31 23:59,3,zhoushenliu
641012844,http://2018jncgk.act.qq.com,2018/8/7 16:00,2018/12/31 23:59,3,angiechen
641012511,http://audi.act.qq.com,2017/8/4 0:00,2018/12/31 23:59,2,mussetwang
641012708,http://zhenxiicecream.qq.com,2018/4/13 23:59,2018/12/31 23:59,2,reneeliang
641012671,http://2018cornetto.act.qq.com/,2018/4/3 23:00,2018/12/31 23:59,1,micwang
641012588,http://btruemusic.act.qq.com,2017/12/15 0:00,2018/12/31 23:59,1,yongzhezong
641012880,,2018/9/14 0:00,2018/12/31 23:59,2,mengjin
641012615,http://b-truemusic.act.qq.com,2017/11/15 17:00,2018/12/31 23:59,1,yongzhezong
641012842,http://nutrilitebest2018.act.qq.com,2018/8/14 18:00,2018/12/31 23:59,1,mimili
641012832,http://safedriving.act.qq.com,2018/7/17 0:00,2018/12/31 23:59,2,mussetwang
641012812,http://jjklx.act.qq.com,2018/6/25 23:59,2018/12/31 23:59,1,lakitafu
641012629,http://rc2017.act.qq.com,2017/11/24 0:00,2018/12/31 23:59,2,winniechai
641012684,http://mirinda.act.qq.com,2018/3/27 18:00,2018/12/31 23:59,1,ivyyin
641012672,http://kad.qq.com/,2018/1/12 23:00,2018/12/31 23:59,1,micwang
641012723,http://oppo319r15.act.qq.com,2018/3/16 0:00,2018/12/31 23:59,3,zhoushenliu
641012869,http://biyadi.act.qq.com,2018/9/10 0:00,2018/12/31 23:59,3,evayhli
641012849,http://chinaunicombrandstory.act.qq.com,2018/8/15 0:00,2018/12/31 23:59,2,sitinggong
641012753,http://ecsort.act.qq.com,2018/4/14 23:59,2018/12/31 23:59,1,lakitafu
641012840,http://mghs.act.qq.com,2018/8/16 23:59,2018/12/31 23:59,1,lakitafu
641012815,http://2018gs4.act.qq.com,2018/6/28 12:00,2018/12/31 23:59,3,maxsu
641012796,http://zuo2018wap.qq.com,2018/6/5 23:59,2018/12/31 23:59,2,viviancai
641012731,http://navigateh3c.act.qq.com,2018/3/29 23:59,2018/12/31 23:59,2,yifanli
641012737,http://shell.qq.com,2018/4/20 0:00,2018/12/31 0:00,2,vickyshu
641012790,http://shellhelix.act.qq.com,2018/5/31 12:00,2018/12/31 0:00,2,vickyshu
641012638,http://qiaolezi.3g.qq.com,2018/3/9 0:00,2018/12/31 0:00,2,dennispang
641012340,http://zhenxiicecream.qq.com,2017/2/21 23:59,2018/12/31 0:00,2,viviancai
641012877,http://haval-f5.act.qq.com,2018/9/19 0:00,2018/12/30 23:59,2,mussetwang
641012800,http://2018qx50.act.qq.com,2018/6/8 18:00,2018/12/30 23:59,2,maxsu
641012765,http://2018borgward.act.qq.com,2018/5/6 18:00,2018/12/30 23:59,2,maxsu
641012878,http://zhixing-senova.act.qq.com,2018/9/21 23:00,2018/12/30 23:59,2,mussetwang
641011715,http://test.act.qq.com,2015/11/27 0:00,2018/12/1 23:59,3,hookeye
641011715,http://test.act.qq.com,2015/11/27 0:00,2018/12/1 23:59,3,lynkli
641011715,http://test.act.qq.com,2015/11/27 0:00,2018/12/1 23:59,3,jakerwang
641012873,http://www.skittles2018.act.qq.com,2018/10/24 0:00,2018/11/30 23:59,3,eddyjli
641012883,http://izoa.act.qq.com,2018/9/21 0:00,2018/11/30 23:59,2,mollyliu
641012876,http://corolla.act.qq.com,2018/9/17 0:00,2018/11/30 23:59,2,mollyliu
641012864,http://mbexchange.act.qq.com,2018/9/5 18:00,2018/11/30 23:59,2,jqchen
641012872,http://www.skittles2018.act.qq.com,2018/10/24 0:00,2018/11/30 23:59,3,eddyjli
641012884,http://crown.act.qq.com,2018/9/20 0:00,2018/11/30 23:59,2,mollyliu
641012861,http://lamando.act.qq.com,2018/9/10 0:00,2018/11/16 23:59,1,daisyshen
641012875,http://dovethematic.act.qq.com,2018/9/17 0:00,2018/10/31 23:59,2,feihonglv
641012797,http://mkx.act.qq.com,2018/6/8 23:59,2018/10/31 23:59,1,lakitafu
641012778,http://lincolnxa.act.qq.com,2018/5/31 23:00,2018/10/31 23:59,1,lakitafu
641012862,http://venucia.act.qq.com,2018/9/4 0:00,2018/10/31 23:59,3,evayhli
641012867,http://adidas.act.qq.com,2018/9/27 0:00,2018/10/31 23:59,1,jasonlhchen
641012807,http://glico.act.qq.com,2018/7/31 17:00,2018/10/31 23:59,1,yongzhezong
641012866,http://herbalife.act.qq.com,2018/9/14 18:00,2018/10/31 23:59,1,haozeng
641012850,http://vwnews.act.qq.com,2018/8/15 0:00,2018/10/31 23:59,1,daisyshen
641012843,http://ds.act.qq.com,2018/8/10 0:00,2018/10/31 23:59,3,evayhli
641012835,http://mengniu201807.act.qq.com,2018/7/20 15:00,2018/10/31 23:59,2,jasonlhchen
641012874,http://sljsds.act.qq.com,2018/9/13 0:00,2018/10/31 23:59,2,feihonglv
641012743,http://moli2018.act.qq.com,2018/4/23 0:00,2018/10/31 23:59,1,susieyuan
641012791,http://mkc.act.qq.com,2018/6/8 23:59,2018/10/31 23:59,1,lakitafu
641012803,http://lynkco.act.qq.com,2018/6/25 23:59,2018/10/31 23:59,1,lakitafu
641012857,http://epace.act.qq.com,2018/8/29 0:00,2018/10/31 23:59,1,daisyshen
641012715,http://xiaoming.act.qq.com,2018/4/19 23:00,2018/10/31 23:59,1,yongzhezong
641012831,http://hongqih5.act.qq.com,2018/7/11 0:00,2018/10/31 0:00,2,mollyliu
641012885,http://jrhd.act.qq.com,2018/9/25 18:00,2018/10/25 23:59,1,haozeng
641012868,http://osm.act.qq.com,2018/9/27 18:00,2018/10/20 23:59,1,amozhang
641012882,http://tchd.act.qq.com,2018/9/17 18:00,2018/10/17 23:59,1,haozeng
641012871,http://venucia.act.qq.com,2018/9/7 0:00,2018/10/12 23:59,3,evayhli
641012795,http://mazdacx4.act.qq.com,2018/6/11 23:59,2018/9/30 23:59,2,vickyshu
641012859,http://martellwedding.act.qq.com,2018/9/5 18:00,2018/9/30 23:59,1,cherylmycai
641012854,http://fxt5.act.qq.com,2018/8/27 0:00,2018/9/30 23:59,3,evayhli
641012734,http://2018ga4.act.qq.com,2018/3/27 12:00,2018/9/30 23:59,3,maxsu
641012830,http://honor10cyzj.act.qq.com,2018/7/11 18:00,2018/9/30 23:59,3,mmhan
641012732,http://ott.act.qq.com,2018/4/20 18:00,2018/9/30 23:59,1,ivyyin
641012826,http://haval.act.qq.com,2018/7/11 0:00,2018/9/30 23:59,2,mussetwang
641012813,http://fanta.act.qq.com,2018/7/3 0:00,2018/9/30 23:59,1,jennyxiong
641012836,https://behindthemac.act.qq.com,2018/7/23 10:00,2018/9/30 23:59,2,sophielv
641012730,http://mcdonaldsfifa.act.qq.com,2018/6/13 17:00,2018/9/30 23:59,1,yongzhezong
641012817,http://bmwx3.act.qq.com,2018/7/1 0:00,2018/9/30 23:59,2,mussetwang
641012865,http://hdtaicang.act.qq.com,2018/9/15 0:00,2018/9/30 23:59,3,cinmywang
641012811,http://jlg.act.qq.com,2018/6/15 0:00,2018/9/30 23:59,2,mengjin
641012870,http://hdshanxi.act.qq.com,2018/9/12 23:00,2018/9/30 23:59,1,cinmywang
641012756,http://2018outlander.act.qq.com,2018/4/18 18:00,2018/9/30 23:59,3,maxsu
641012805,http://rh8.act.qq.com,2018/7/2 23:59,2018/9/30 23:59,1,lakitafu
641012824,http://guliduo101.act.qq.com,2018/7/13 0:00,2018/9/30 23:59,2,echooding
641012881,http://orlando2018.act.qq.com,2018/9/20 15:00,2018/9/30 23:59,1,joilinchen
641012853,http://landrovernsd.act.qq.com,2018/8/21 0:00,2018/9/30 23:59,1,nicoxu
641012757,http://2018outlander.act.qq.com,2018/4/18 18:00,2018/9/30 23:59,3,maxsu
641012722,http://sljx2018.act.qq.com,2018/3/22 18:00,2018/9/30 23:59,3,maxsu
641012504,http://budweiser.act.qq.com,2017/8/21 10:00,2018/9/30 23:59,1,ericzlguo
641012770,http://lincoln.act.qq.com,2018/5/14 23:59,2018/9/30 23:59,1,lakitafu
641012792,,2018/7/15 0:00,2018/9/30 23:59,1,eericaqiao
641012827,http://chuanqibrand.act.qq.com,2018/7/20 0:00,2018/9/30 23:59,3,evayhli
641012794,,2018/6/29 0:00,2018/9/30 23:59,2,evayhli
641012856,http://cc.act.qq.com,2018/8/22 17:00,2018/9/30 0:00,2,mollyliu
641012837,http://cqhd.act.qq.com,2018/7/31 18:00,2018/9/25 23:59,1,haozeng
641012783,http://seniar9.act.qq.com,2018/5/25 18:00,2018/9/20 0:00,2,jqchen
641012825,http://mrzz.act.qq.com,2018/7/7 0:00,2018/9/14 23:59,2,feihonglv
641012852,http://yangyuan.act.qq.com,2018/8/24 0:00,2018/9/14 23:59,2,mengjin
641012804,,2018/6/13 0:00,2018/9/14 23:59,2,echooding
641012860,http://skechers.act.qq.com/,2018/9/7 0:00,2018/9/10 23:59,1,jasonlhchen
641012698,http://qiaolezi.3g.qq.com,2018/3/10 0:00,2018/8/31 23:59,2,dennispang
641012839,http://samsunggalaxy.act.qq.com,2018/8/8 23:59,2018/8/31 23:59,2,deanyu
641012855,http://tyc.act.qq.com,2018/8/21 18:00,2018/8/31 23:59,1,haozeng
641012841,http://K50.act.qq.com,2018/8/3 17:00,2018/8/31 23:59,2,mollyliu
641012847,http://galaxynote9.act.qq.com,2018/8/14 18:00,2018/8/31 23:59,2,deanyu
710000024,http://tange.act.qq.com,2018/8/3 16:00,2018/8/31 23:59,2,mollyliu
641012838,http://tange.act.qq.com,2018/8/3 16:00,2018/8/31 23:59,2,mollyliu
641012820,http://qlzdoki.act.qq.com,2018/7/5 17:00,2018/8/31 23:59,2,looeyyang
641012834,http://superxevent.act.qq.com,2018/7/20 0:00,2018/8/31 23:59,2,dennispang
641012822,http://q5lpreorder.act.qq.com,2018/7/3 0:00,2018/8/31 23:59,2,vickyshu
641012779,http://yadeafifa.act.qq.com,2018/5/17 0:00,2018/8/31 23:59,1,nicoxu
641012781,http://cshd.act.qq.com,2018/5/17 18:00,2018/8/31 23:59,3,mmhan
641012845,http://jaguarfpace.act.qq.com,2018/8/14 0:00,2018/8/31 23:59,1,nicoxu
641012819,http://newbora.act.qq.com,2018/7/3 18:00,2018/8/31 23:59,2,jqchen
641012776,http://audi-approved.act.qq.com,2018/5/11 0:00,2018/8/31 23:59,2,vickyshu
641012764,http://vgicq2branding.act.qq.com,2018/5/2 17:00,2018/8/31 23:59,2,mollyliu
641012846,http://chuanqi.act.qq.com/gm8,2018/8/10 0:00,2018/8/31 23:59,3,evayhli
641012798,http://vwnews.act.qq.com,2018/6/20 0:00,2018/8/31 23:59,1,nicoxu
641012863,http://rongwei.act.qq.com,2018/8/30 15:00,2018/8/31 23:59,1,lakitafu
641012768,http://fitness.act.qq.com,2018/5/11 0:00,2018/8/30 0:00,3,mengjin
641012851,http://kfctaco.act.qq.com,2018/8/14 23:00,2018/8/23 23:59,1,psycheliang
641012848,http://kevinlsli.act..qq.com,2018/8/14 0:00,2018/8/15 23:59,2,kevinlsli
641012774,http://guanyiru2018wap.qq.com,2018/5/4 23:59,2018/8/1 23:59,2,viviancai
641012802,http://psbc.act.qq.com,2018/6/13 23:59,2018/7/31 23:59,2,yanren
641012773,http://vivox21.act.qq.com,2018/5/4 0:00,2018/7/31 23:59,3,lillianqiu
641012782,http://benzamg.act.qq.com,2018/5/23 18:00,2018/7/31 23:59,2,jqchen
641012814,http://longines.act.qq.com,2018/6/25 0:00,2018/7/31 23:59,1,roytjtang
641012828,http://chuanqi.act.qq.com,2018/7/9 0:00,2018/7/31 23:59,3,evayhli
641012772,http://laneige2018.act.qq.com,2018/5/3 23:59,2018/7/31 23:59,1,leslieyyang
641012808,http://kb.act.qq.com/z/mobile,2018/6/13 16:00,2018/7/31 23:59,1,amozhang
641012799,http://nestle2018.act.qq.com,2018/6/8 23:59,2018/7/31 23:59,3,doradding
641012833,http://huaweinova3.act.qq.com,2018/7/18 17:00,2018/7/31 23:59,2,deanyu
641012738,http://bgc.qq.com,2018/4/20 0:00,2018/7/31 23:59,2,mengjin
641012789,http://hdhefei.act.qq.com,2018/5/25 20:00,2018/7/31 23:59,3,mmhan
641012754,http://jeepking.act.qq.com,2018/4/18 23:59,2018/7/31 23:59,1,lakitafu
641012736,http://fanta.act.qq.com,2018/4/13 23:00,2018/7/31 23:59,1,jennyxiong
641012775,http://c-trek.act.qq.com,2018/5/15 10:00,2018/7/31 23:59,2,jqchen
641012744,http://icoke.act.qq.com,2018/5/25 23:00,2018/7/31 23:59,1,jennyxiong
641012655,http://sprite.act.qq.com,2018/2/28 23:00,2018/7/31 23:59,1,jennyxiong
641012816,http://troc.act.qq.com,2018/6/29 16:00,2018/7/31 23:59,2,mollyliu
641012758,http://mg2018.act.qq.com,2018/4/19 16:00,2018/7/31 23:59,1,lakitafu
641012810,http://kamiq2018.act.qq.com,2018/6/26 0:00,2018/7/31 23:59,1,nicoxu
641012739,http://hongqih5.act.qq.com,2018/4/4 17:00,2018/7/31 23:59,2,mollyliu
641012818,http://intel-smb.act.qq.com,2018/7/4 23:59,2018/7/31 23:59,2,deanyu
641012769,http://nikeya.act.qq.com,2018/5/25 22:00,2018/7/31 23:59,1,lintaozhang
641012801,http://hongqih5.act.qq.com,2018/6/11 17:00,2018/7/31 23:59,2,mollyliu
641012780,http://lavida2018.act.qq.com,2018/5/24 0:00,2018/7/31 23:59,1,nicoxu
641012695,http://bgc.act.qq.com,2018/4/10 0:00,2018/7/31 23:59,2,mengjin
641012712,http://mercedes-benz-coupe-family.act.qq.com,2018/3/6 14:00,2018/7/31 0:00,2,amyfliu
641012742,http://2018ga6.act.qq.com,2018/4/9 15:00,2018/7/30 23:59,3,maxsu
641012749,http://2018ga6.act.qq.com,2018/4/10 12:00,2018/7/30 23:59,3,maxsu
641012786,http://fotile2018.act.qq.com,2018/6/15 0:00,2018/7/27 23:59,1,haozeng
641012740,http://bocqm.act.qq.com,2018/5/23 13:00,2018/7/25 23:59,1,haozeng
641012733,http://baolong.act.qq.com,2018/3/23 14:00,2018/7/15 23:59,3,valdisjiang
641012735,http://neomusic.act.qq.com,2018/4/17 18:00,2018/6/30 23:59,1,tyraan
641012793,http://galaxya9star.act.qq.com,2018/6/6 23:59,2018/6/30 23:59,2,deanyu
641012037,http://bud.act.qq.com,2016/7/15 23:00,2018/6/30 23:59,1,leojzhang
641012729,http://molsion.act.qq.com,2018/3/21 23:59,2018/6/30 23:59,3,valdisjiang
641012717,http://2017Space7bps.act.qq.com,2018/3/6 0:00,2018/6/30 23:59,3,oliviatang
641012777,http://lamer2018.act.qq.com,2018/6/6 23:00,2018/6/30 23:59,1,leslieyyang
641012709,http://uniqlosz.act.qq.com,2018/3/29 0:00,2018/6/30 23:59,1,lintaozhang
641012716,http://jd2018wxj.act.qq.com,2018/3/8 23:59,2018/6/30 23:59,2,rebeccaren
641012750,http://xxw2018.act.qq.com,2018/4/11 0:00,2018/6/30 23:59,3,angiechen
641012697,http://pepsi2018.act.qq.com,2018/2/9 18:00,2018/6/30 23:59,1,ivyyin
641012771,http://maserati201805.act.qq.com,2018/5/19 23:00,2018/6/30 23:59,1,joilinchen
641012748,http://gywlc.act.qq.com,2018/4/11 16:00,2018/6/30 23:59,3,mmhan
641012809,http://changanx70a.act.qq.com,2018/6/11 0:00,2018/6/30 23:59,3,evayhli
641012711,http://osm2018.act.qq.com,2018/3/9 17:00,2018/6/30 23:59,1,amozhang
641012787,http://nbafans.act.qq.com,2018/5/31 23:59,2018/6/30 23:59,2,deanyu
641012755,http://2018gatoradechina.act.qq.com,2018/4/24 18:00,2018/6/30 23:59,1,ivyyin
641012759,http://wyethsma.act.qq.com,2018/5/22 0:00,2018/6/30 23:59,1,doralei
641012746,http://adidasclima.act.qq.com,2018/5/6 18:00,2018/6/30 23:59,1,tyraan
641012747,http://gytsj.act.qq.com,2018/4/11 16:00,2018/6/30 23:59,3,mmhan
641012746,http://adidasclima.act.qq.com,2018/5/6 18:00,2018/6/30 23:59,1,leslieyyang
641012763,,2018/4/28 0:00,2018/6/30 23:59,3,evayhli
641012751,http://roewe.act.qq.com,2018/4/18 23:59,2018/6/30 23:59,1,lakitafu
641012760,http://zh101.act.qq.com,2018/5/18 12:00,2018/6/23 23:59,1,kkyang
641012725,http://kabrita2018315.act.qq.com,2018/3/15 0:00,2018/6/15 23:59,3,danniezhang
641012726,http://kabrita2018315.act.qq.com,2018/3/15 0:00,2018/6/15 23:59,3,shuangliu
641012766,http://kitkat.act.qq.com,2018/5/4 23:00,2018/6/9 23:59,1,doralei
641012762,http://yadea.act.qq.com,2018/4/26 0:00,2018/6/1 23:59,1,nicoxu
641012741,http://roewe2018.act.qq.com,2018/4/9 23:00,2018/5/31 23:59,1,lakitafu
641012600,http://yolo.act.qq.com,2017/11/1 17:00,2018/5/31 23:59,2,looeyyang
641012752,http://ynby.act.qq.com,2018/4/12 12:00,2018/5/31 23:59,3,doralei
641012767,http://roewerx8.act.qq.com,2018/4/27 18:00,2018/5/31 23:59,1,nicoxu
641012714,http://multivan.act.qq.com,2018/3/9 0:00,2018/5/31 23:59,2,mollyliu
641012724,http://nbafinalspk.act.qq.com,2018/3/30 23:59,2018/5/25 23:59,2,deanyu
641012710,http://chery2018.act.qq.com,2018/3/2 23:59,2018/5/15 23:59,1,lakitafu
641012688,,2018/2/3 0:00,2018/5/3 23:59,3,danniezhang
641012720,http://nbastats.act.qq.com,2018/3/12 18:00,2018/4/30 23:59,2,deanyu
641012703,http://adiwomen.act.qq.com,2018/3/5 0:00,2018/4/30 23:59,1,lintaozhang
641012727,,2018/3/21 0:00,2018/4/30 23:59,1,junzhigao
641012617,http://lct.act.qq.com,2017/11/17 0:00,2018/4/30 23:59,3,mmhan
641012745,http://huaweip20.act.qq.com,2018/4/11 23:59,2018/4/30 23:59,2,deanyu
641012721,http://fordrj.act.qq.com,2018/3/12 23:00,2018/4/15 23:59,1,lakitafu
641012728,http://youchuyinhang.act.qq.com,2018/3/20 0:00,2018/4/2 23:59,2,quentinyang
641012646,http://cpicvideo2.act.qq.com,2017/12/12 0:00,2018/4/1 23:59,1,haozeng
641012670,http://ga4.act.qq.com,2018/1/17 12:00,2018/4/1 23:59,3,maxsu
641012673,http://slhb2018.act.qq.com,2018/1/15 12:00,2018/4/1 23:59,3,maxsu
641012685,http://apple2018.act.qq.com,2018/1/26 0:00,2018/4/1 23:59,2,sophielv
641012647,http://cpicvideo1.act.qq.com,2017/12/13 0:00,2018/3/31 23:59,1,haozeng
641012713,http://galaxys9.act.qq.com,2018/3/6 12:00,2018/3/31 23:59,2,deanyu
641012653,http://pizza9in1.act.qq.com,2018/1/5 18:30,2018/3/31 23:59,1,ericzlguo
641012634,http://glico2018.act.qq.com,2017/12/29 23:00,2018/3/31 23:59,1,susieyuan
641012683,http://kuaishou.act.qq.com,2018/1/19 18:00,2018/3/31 23:59,2,zhangcong
641012707,http://galaxynew.act.qq.com,2018/2/24 23:59,2018/3/31 23:59,2,deanyu
641012687,http://chenmanphotoex.act.qq.com,2018/2/1 0:00,2018/3/31 23:59,2,vickyshu
641012719,http://superx.act.qq.com,2018/3/15 17:00,2018/3/31 23:59,2,looeyyang
641012690,http://startyourimpossible.act.qq.com,2018/2/6 0:00,2018/3/31 23:59,2,vickyshu
641012639,http://wdriver.act.qq.com,2017/12/8 23:00,2018/3/31 23:59,1,haozeng
641012696,http://osm.act.qq.com,2018/3/2 18:00,2018/3/31 23:59,1,amozhang
641012699,http://kb.act.qq.com,2018/3/2 15:00,2018/3/31 23:59,1,amozhang
641012663,http://focusctcc.act.qq.com,2018/1/5 23:00,2018/3/31 23:59,1,daisyshen
641012611,http://qidian11.qq.com,2017/11/11 17:00,2018/3/31 23:59,3,mmhan
641012619,http://beyond-infiniti.act.qq.com,2017/11/17 0:00,2018/3/31 23:59,2,quentinyang
641012678,http://jinlingguan.act.qq.com,2018/2/12 0:00,2018/3/31 23:59,2,dennispang
641012702,http://adifb.act.qq.com,2018/2/13 0:00,2018/3/31 23:59,1,lintaozhang
641012689,http://vitasoychina.act.qq.com,2018/1/29 0:00,2018/3/30 23:59,3,sabrinaqi
641012630,http://speed.act.qq.com,2017/12/27 0:00,2018/3/19 23:59,2,vickyshu
641012693,http://jdjoy.act.qq.com,2018/2/7 0:00,2018/3/15 23:59,2,rebeccaren
641012704,http://xifengjiucny.act.qq.com,2018/2/11 16:00,2018/3/12 23:59,2,looeyyang
641012706,http://kb.act.qq.com,2018/2/12 17:00,2018/3/2 23:59,1,amozhang
641012268,http://kabrita2017.act.qq.com,2017/3/1 0:00,2018/3/1 23:59,3,sitinggong
641012659,http://gm8.act.qq.com,2017/12/29 10:00,2018/3/1 23:59,3,maxsu
641012675,http://baojun530.act.qq.com,2018/1/18 0:00,2018/2/28 23:59,3,evayhli
641012664,http://geely2018cny.act.qq.com,2018/1/29 23:00,2018/2/28 23:59,1,lakitafu
641012636,http://hdfupin.act.qq.com,2017/12/1 18:00,2018/2/28 23:59,3,mmhan
641012676,http://iwc.act.qq.com,2018/1/31 23:00,2018/2/28 23:59,1,wendylin
641012651,http://wj201801.act.qq.com,2018/1/19 23:59,2018/2/28 23:59,1,ericzlguo
641012669,http://lancome.act.qq.com,2018/2/5 23:00,2018/2/28 23:59,1,wendylin
641012652,http://nutrilitebestxcx.act.qq.com,2017/12/18 0:00,2018/2/28 23:59,3,oliviatang
641012674,http://ibmstarwars.act.qq.com,2018/1/19 23:59,2018/2/28 23:59,2,deanyu
641012679,http://ysl.act.qq.com,2018/2/9 23:00,2018/2/28 23:59,1,wendylin
641012645,http://hdtsj.act.qq.com,2017/12/12 12:00,2018/2/28 23:59,3,mmhan
641012597,http://Nutrilitebest.act.qq.com,2017/11/8 0:00,2018/2/28 23:59,3,oliviatang
641012701,http://hft.act.qq.com,2018/2/11 0:00,2018/2/28 23:59,3,mmhan
641012666,http://anr.act.qq.com,2018/1/26 23:00,2018/2/28 23:59,1,amozhang
641012656,http://adidasar.act.qq.com,2018/1/15 18:00,2018/2/28 23:59,1,lintaozhang
641012649,http://lays.act.qq.com,2017/12/27 18:00,2018/2/28 23:59,1,ivyyin
641012650,http://tsj.act.qq.com,2017/12/14 18:00,2018/2/28 23:59,3,mmhan
641012657,http://cruzemu.act.qq.com,2018/1/15 23:00,2018/2/28 23:59,1,joilinchen
641012691,http://ambrosial2018cny.act.qq.com,2018/2/8 0:00,2018/2/28 23:59,2,deanyu
641012682,http://wk.act.qq.com,2018/1/19 12:00,2018/2/28 23:59,3,danniezhang
641012661,http://cny2018.act.qq.com,2018/1/3 2:00,2018/2/28 23:59,2,sophielv
641012648,http://hdly.act.qq.com,2017/12/13 0:00,2018/2/28 23:59,3,mmhan
641012686,http://audibrand.act.qq.com,2018/1/31 0:00,2018/2/28 23:59,2,vickyshu
641012692,http://deej-xctj.act.qq.com,2018/2/12 23:59,2018/2/28 23:59,2,deanyu
641012610,http://watsons.act.qq.com,2017/12/29 0:00,2018/2/28 0:00,3,wendywqwei
641012694,http://huawei2018cny.act.qq.com,2018/2/8 0:00,2018/2/25 23:59,2,deanyu
641012641,http://qzone.act.qq.com,2017/12/20 0:00,2018/2/20 23:59,3,danniezhang
641012668,http://dove2018cny.act.qq.com,2018/1/17 17:00,2018/2/17 23:59,2,looeyyang
641012700,http://tams.act.qq.com,2018/2/14 0:00,2018/2/14 23:59,1,nicoxu
641012620,http://Xtep.act.qq.com,2017/12/1 0:00,2018/2/5 23:59,3,waynezwchen
641012658,,2018/1/10 0:00,2018/2/2 23:59,1,eericaqiao
641012296,http://martell.act.qq.com,2017/1/23 16:00,2018/1/31 23:59,1,ksekita
641012637,http://gatoradechina.act.qq.com,2017/12/22 18:00,2018/1/31 23:59,1,ivyyin
641012296,http://martell.act.qq.com,2017/1/23 16:00,2018/1/31 23:59,1,leslieyyang
641012643,http://hdjk.act.qq.com,2017/12/11 18:00,2018/1/31 23:59,3,mmhan
641012662,,2018/1/22 0:00,2018/1/31 23:59,1,chloedong
641012667,http://lexus.act.qq.com,2018/1/10 10:00,2018/1/31 23:59,2,mollyliu
641012635,http://mercedes-benz-winter.act.qq.com,2017/12/7 18:00,2018/1/31 23:59,2,amyfliu
641012681,http://maybelline.act.qq.com,2018/1/18 23:00,2018/1/31 23:59,1,wendylin
641012665,http://hongqi.act.qq.com,2018/1/8 7:00,2018/1/31 23:59,2,mollyliu
641012642,http://hdysg.act.qq.com,2017/12/11 0:00,2018/1/31 23:59,3,mmhan
641012644,http://ksfsuancai.act.qq.com,2017/12/19 18:00,2018/1/31 23:59,1,yongzhezong
641012592,http://audi.act.qq.com,2017/11/1 0:00,2018/1/31 23:59,2,mussetwang
641012528,http://mercedes-benz-whiteart.act.qq.com,2017/8/9 12:00,2018/1/31 0:00,2,amyfliu
641012602,http://mercedes-benz-gls.act.qq.com,2017/11/1 0:00,2018/1/31 0:00,2,haleyxiong
641012677,,2018/1/22 0:00,2018/1/28 23:59,1,eericaqiao
641012632,http://cestbonsport.act.qq.com,2017/12/11 0:00,2018/1/25 23:59,3,sabrinaqi
641012618,http://ynbygy2017.act.qq.com,2017/11/22 0:00,2018/1/22 23:59,3,danniezhang
641012623,http://midwinter.act.qq.com,2017/12/20 18:00,2018/1/19 23:59,1,joilinchen
641012527,http://borgward-bx5.act.qq.com,2017/8/14 0:00,2017/12/31 23:59,2,mussetwang
641012223,http://coke.act.qq.com,2016/12/12 23:00,2017/12/31 23:59,1,jennyxiong
641012594,http://newgolf.act.qq.com,2017/11/4 0:00,2017/12/31 23:59,2,haleyxiong
641012586,http://atenza2018.act.qq.com,2017/10/23 18:00,2017/12/31 23:59,2,vickyshu
641012494,a6-avant.act.qq.com,2017/7/4 0:00,2017/12/31 23:59,2,mussetwang
641012633,http://redmi5.act.qq.com,2017/11/29 0:00,2017/12/31 23:59,2,sophielv
641012441,http://fanta.act.qq.com,2017/5/13 0:00,2017/12/31 23:59,1,jennyxiong
641012328,http://kad.qq.com,2017/3/31 0:00,2017/12/31 23:59,1,leojzhang
641012614,http://viossd.act.qq.com,2017/11/18 0:00,2017/12/31 23:59,2,vickyshu
641012587,http://a3.act.qq.com,2017/10/23 0:00,2017/12/31 23:59,2,haleyxiong
641012621,http://svwhn.act.qq.com,2017/11/20 23:00,2017/12/31 23:59,1,lakitafu
641012654,http://xc60live.act.qq.com,2017/12/19 23:00,2017/12/31 23:59,1,joilinchen
641012599,http://svw.act.qq.com,2017/11/7 23:00,2017/12/31 23:59,1,lakitafu
641012531,http://nutrilite.act.qq.com,2017/8/3 0:00,2017/12/31 23:59,3,oliviatang
641012427,http://xiaoming.act.qq.com,2017/6/21 16:00,2017/12/31 23:59,1,jennyxiong
641012587,http://a3.act.qq.com,2017/10/23 0:00,2017/12/31 23:59,2,mussetwang
641012579,http://5gum2017.act.qq.com,2017/10/23 23:59,2017/12/31 23:59,3,eddyjli
641012391,http://cestbon2017.act.qq.com,2017/4/14 0:00,2017/12/31 23:59,3,sitinggong
641012631,http://redmi.act.qq.com,2017/11/29 0:00,2017/12/31 23:59,2,sophielv
641012616,http://lfxy.act.qq.com,2017/11/16 17:00,2017/12/31 23:59,1,lakitafu
641012546,http://gslive2017.act.qq.com,2017/8/25 0:00,2017/12/31 23:59,3,maxsu
641012481,http://xiaoming.act.qq.com,2017/6/21 0:00,2017/12/31 23:59,1,daisyshen
641012595,http://lfx7.act.qq.com,2017/10/30 18:00,2017/12/31 23:59,1,lakitafu
641012545,http://2017gs7.act.qq.com,2017/8/26 0:00,2017/12/31 23:59,3,maxsu
641012443,http://mondeo2016.act.qq.com,2017/5/15 10:00,2017/12/31 23:59,1,amozhang
641012469,http://outlanderlz.act.qq.com,2017/6/10 0:00,2017/12/31 23:59,3,maxsu
641012329,http://keaiduo2017.act.qq.com,2017/3/31 23:00,2017/12/31 23:59,1,leojzhang
641012640,http://jaguarxel.act.qq.com,2017/12/14 12:00,2017/12/31 23:59,1,amozhang
641012379,,2017/3/27 0:00,2017/12/31 23:59,1,nicoxu
641012573,http://liby.act.qq.com,2017/9/21 0:00,2017/12/31 23:59,3,oliviatang
641012583,http://cpicvideo3.act.qq.com,2017/10/20 18:00,2017/12/31 23:59,1,cherylmycai
641012314,http://meirihuojun.act.qq.com,2017/3/23 0:00,2017/12/31 23:59,2,oliviapchen
641012223,http://coke.act.qq.com,2016/12/12 23:00,2017/12/31 23:59,1,daisyshen
641012468,http://outlanderzb.act.qq.com,2017/6/9 0:00,2017/12/31 23:59,3,maxsu
641012431,http://jeeplpl.act.qq.com,2017/6/19 23:59,2017/12/31 23:59,1,nicoxu
641012323,http://pepsimoment.act.qq.com,2017/3/28 23:00,2017/12/31 23:59,1,chloedong
641012564,http://oreo-research.act.qq.com,2017/9/14 18:00,2017/12/31 23:59,1,lintaozhang
641012360,http://pepsimusic.act.qq.com,2017/3/28 23:00,2017/12/31 23:59,1,chloedong
641012524,http://hzpdh2017.act.qq.com,2017/7/28 0:00,2017/12/31 23:59,3,oliviatang
641012626,http://pizzahutqqmusicxmas2017.act.qq.com,2017/11/24 23:00,2017/12/31 23:59,1,ericzlguo
641012404,http://stride2017.act.qq.com,2017/4/25 23:00,2017/12/31 23:59,1,ivyyin
641012625,http://a8l.act.qq.com,2017/11/27 0:00,2017/12/31 23:59,2,mussetwang
641012596,http://focusctcc.act.qq.com,2017/11/4 18:00,2017/12/31 23:59,1,amozhang
641012624,http://toyotatnga.act.qq.com,2017/11/18 0:00,2017/12/31 23:59,2,vickyshu
641012582,http://cpicvideo2.act.qq.com,2017/10/20 18:00,2017/12/31 23:59,1,cherylmycai
641012343,http://kabrita2017qzone.act.qq.com,2017/3/1 0:00,2017/12/31 23:59,3,sitinggong
641012335,http://clearsports.qq.com,2017/2/24 0:00,2017/12/31 23:59,1,lintaozhang
641012628,http://lynkco.act.qq.com,2017/11/27 18:00,2017/12/31 23:59,1,lakitafu
641012593,http://yaes.act.qq.com,2017/11/14 23:00,2017/12/31 23:59,1,haozeng
641012536,http://cestbon-university2017-2.act.qq.com,2017/8/31 0:00,2017/12/31 23:59,3,sitinggong
641012559,http://2017dfpvax4.act.qq.com,2017/9/8 0:00,2017/12/31 23:59,3,maxsu
641012315,http://meirihuojun2017.act.qq.com,2017/3/4 0:00,2017/12/31 23:59,2,oliviapchen
641012488,http://chapai.act.qq.com,2017/7/20 18:00,2017/12/31 23:59,1,yongzhezong
641012411,http://maserati2017.act.qq.com,2017/5/2 0:00,2017/12/31 23:59,1,joilinchen
641012581,http://cpicvideo1.act.qq.com,2017/10/20 18:00,2017/12/31 23:59,1,cherylmycai
641012461,http://survey.v.qq.com,2017/6/2 23:00,2017/12/31 23:59,1,qrangechen
641012590,http://touranlpc.act.qq.com,2017/10/30 23:59,2017/12/31 23:59,1,lakitafu
641012356,http://pepsi.act.qq.com,2017/4/5 23:00,2017/12/31 23:59,1,chloedong
641012580,http://escort.act.qq.com,2017/10/16 17:00,2017/12/31 23:59,1,amozhang
641012552,http://hengdatsj2017.act.qq.com,2017/8/25 0:00,2017/12/31 23:59,3,maxsu
641012572,http://jujing.qq.com,2017/10/15 0:00,2017/12/31 23:59,3,mmhan
641012627,http://benz-gle.act.qq.com,2017/11/23 19:00,2017/12/31 23:59,2,amyfliu
641012613,http://rx3.act.qq.com,2017/11/15 15:00,2017/12/31 23:59,1,amozhang
641012373,,2017/5/12 0:00,2017/12/31 23:59,1,chloedong
641012576,http://jdxyzx.act.qq.com,2017/10/13 23:59,2017/12/31 23:59,2,feihonglv
641012607,http://mg6.act.qq.com,2017/11/15 15:00,2017/12/31 23:59,1,amozhang
641012418,http://wlj.act.qq.com,2017/5/18 0:00,2017/12/31 23:59,3,doralei
641012334,http://qingnengplansy.qq.com,2017/4/7 0:00,2017/12/31 0:00,2,viviancai
641012048,http://canada.act.qq.com,2016/7/1 0:00,2017/12/31 0:00,2,vickyshu
641012496,http://yiqinanqu.act.qq.com,2017/7/4 17:00,2017/12/31 0:00,2,mollyliu
641012591,http://mercedes-benz-whiteart.act.qq.com/gle,2017/10/16 0:00,2017/12/30 23:59,2,haleyxiong
641012462,http://zkungfumylogopublicize.act.qq.com,2017/6/2 10:00,2017/12/30 23:59,3,zhoushenliu
641012487,http://dormstar.act.qq.com,2017/7/3 17:00,2017/12/28 23:59,2,looeyyang
641012598,http://equinox2017.act.qq.com,2017/11/23 18:00,2017/12/16 23:59,1,joilinchen
641012601,http://glasuv.act.qq.com,2017/11/1 0:00,2017/12/15 23:59,2,quentinyang
641012604,http://hondahz.act.qq.com,2017/11/3 0:00,2017/11/30 23:59,3,evayhli
641012605,http://oppoR11s.act.qq.com,2017/11/6 0:00,2017/11/30 23:59,3,doralei
641012532,http://ksfbtxlsummer.act.qq.com,2017/8/9 18:00,2017/11/30 23:59,1,yongzhezong
641012561,http://herbalife.act.qq.com,2017/9/15 0:00,2017/11/30 23:59,1,cherylmycai
641012589,http://allnewcamry.act.qq.com,2017/10/31 0:00,2017/11/30 23:59,3,evayhli
641012608,http://olay2017.act.qq.com,2017/11/3 0:00,2017/11/30 23:59,3,eddyjli
641012519,http://yjsuv.act.qq.com,2017/8/11 23:59,2017/11/30 23:59,1,lakitafu
641012622,http://ford2017.act.qq.com,2017/11/23 12:00,2017/11/30 23:59,1,amozhang
641012603,http://meco-chenweiting.act.qq.com,2017/11/8 0:00,2017/11/30 23:59,1,yongzhezong
641012609,http://chevynight2017.act.qq.com,2017/11/15 14:00,2017/11/30 23:59,1,joilinchen
641012548,http://shell.act.qq.com,2017/8/31 18:00,2017/11/30 0:00,2,jqchen
641012568,http://olivoila.act.qq.com,2017/9/21 15:00,2017/11/26 23:59,3,kurtxiang
641012612,http://vivox20wje.act.qq.com,2017/11/10 20:00,2017/11/15 23:59,3,lillianqiu
641012562,http://philipshealth2017.act.qq.com,2017/9/22 18:00,2017/11/13 23:59,1,cherylmycai
641012543,http://xx2.act.qq.com,2017/9/1 23:59,2017/11/13 0:00,2,vickyshu
641012584,http://fawmc.act.qq.com,2017/10/20 0:00,2017/11/10 23:59,2,quentinyang
641012606,,2017/11/4 19:00,2017/11/5 23:59,3,maxsu
641012550,http://kfc30.act.qq.com,2017/9/6 18:00,2017/10/31 23:59,1,ivyyin
641012563,http://equinox.act.qq.com,2017/9/11 18:00,2017/10/31 23:59,1,joilinchen
641012486,http://ksftheatre.act.qq.com,2017/7/7 23:00,2017/10/31 23:59,1,daisyshen
641012483,http://oreo.act.qq.com,2017/6/30 23:00,2017/10/31 23:59,1,leojzhang
641012533,http://allnew-magotan.act.qq.com,2017/8/16 17:00,2017/10/31 23:59,2,jqchen
641012374,,2017/5/1 0:00,2017/10/31 23:59,1,chloedong
641012549,http://phdi.act.qq.com,2017/8/26 18:00,2017/10/31 23:59,1,ivyyin
641012555,http://osm.act.qq.com,2017/9/25 18:00,2017/10/31 23:59,1,eericaqiao
641012577,http://gl6live.act.qq.com,2017/10/13 23:00,2017/10/31 23:59,1,joilinchen
641012525,http://icbc2017.act.qq.com,2017/8/1 0:00,2017/10/31 23:59,2,sophielv
641012544,http://multivan.act.qq.com,2017/8/31 0:00,2017/10/31 23:59,2,vickyshu
641012420,http://outland2017.act.qq.com,2017/5/2 0:00,2017/10/31 23:59,3,maxsu
641012517,http://galaxys8.act.qq.com,2017/7/25 23:59,2017/10/31 23:59,2,deanyu
641012385,http://saprunlive.qq.com,2017/5/3 23:59,2017/10/31 23:59,2,rebeccaren
641012578,http://huaweimate10.act.qq.com,2017/10/20 0:00,2017/10/31 23:59,2,deanyu
641012489,http://Touareg.qq.com/tracing,2017/7/11 0:00,2017/10/31 23:59,2,vickyshu
641012500,http://geely.act.qq.com,2017/7/14 23:59,2017/10/31 23:59,1,lakitafu
641012556,http://vansparkseries.act.qq.com,2017/9/11 23:59,2017/10/31 23:59,1,micwang
641012585,http://borgward-bx5.act.qq.com,2017/10/18 0:00,2017/10/31 23:59,2,haleyxiong
641012570,http://vivox20.act.qq.com,2017/9/20 0:00,2017/10/30 23:59,3,lillianqiu
641012509,http://holidayinn.act.qq.com,2017/7/19 0:00,2017/10/20 23:59,3,misakili
641012537,lizhi.act.qq.com,2017/8/18 0:00,2017/10/18 23:59,3,kurtxiang
641012566,http://pghfs2017.act.qq.com,2017/9/13 23:00,2017/10/12 23:59,3,eddyjli
641012569,http://love-olivoila.act.qq.com,2017/9/21 14:00,2017/10/9 23:59,3,kurtxiang
641012560,http://huamei.act.qq.com,2017/9/8 18:00,2017/10/8 23:59,3,kurtxiang
641012454,http://tuborgopen.act.qq.com,2017/5/27 0:00,2017/10/1 23:59,3,sabrinaqi
641012535,http://new-sagitar.act.qq.com,2017/8/17 0:00,2017/9/30 23:59,2,jqchen
641012574,http://bydsongmax.act.qq.com,2017/9/22 0:00,2017/9/30 23:59,3,evayhli
641012539,http://longines.act.qq.com,2017/8/14 23:59,2017/9/30 23:59,1,micwang
641012565,http://galaxynote8.act.qq.com,2017/9/13 18:00,2017/9/30 23:59,2,deanyu
641012505,http://bydsong.act.qq.com,2017/7/20 0:00,2017/9/30 23:59,3,eddyjli
641012495,http://dzhd.act.qq.com,2017/6/30 23:59,2017/9/30 23:59,1,lakitafu
641012380,http://cestbon-university2017.act.qq.com,2017/4/10 0:00,2017/9/30 23:59,3,sitinggong
641012498,http://oreo.act.qq.com/ffs,2017/7/5 23:00,2017/9/30 23:59,1,lintaozhang
641012490,http://lwx2.act.qq.com,2017/7/10 23:59,2017/9/30 23:59,1,lakitafu
641012558,http://dongfeng.act.qq.com,2017/9/14 18:00,2017/9/30 23:59,1,joilinchen
641012523,http://jeepsummer.act.qq.com,2017/8/2 18:00,2017/9/30 23:59,1,nicoxu
641012502,http://icoke.qq.com,2017/8/9 17:00,2017/9/30 23:59,1,jennyxiong
641012554,http://weikezi.act.qq.com,2017/9/8 0:00,2017/9/30 23:59,2,dennispang
641012463,http://svw-nj.act.qq.com,2017/6/14 23:59,2017/9/30 23:59,1,lakitafu
641012424,http://bodykey.act.qq.com,2017/5/10 20:00,2017/9/30 23:59,3,estellawang
641012571,http://ecosport.act.qq.com,2017/9/25 18:00,2017/9/30 23:59,1,amozhang
641012464,http://adidastos.act.qq.com,2017/6/16 23:00,2017/9/30 23:59,1,micwang
641012392,http://yilibgc.act.qq.com,2017/4/17 0:00,2017/9/30 23:59,2,mengjin
641012465,http://vitasoy.act.qq.com,2017/6/12 0:00,2017/9/30 23:59,3,wendywqwei
641012526,http://icbc.act.qq.com,2017/8/2 0:00,2017/9/30 23:59,2,sophielv
641012482,http://lincoln.act.qq.com,2017/7/4 23:59,2017/9/30 23:59,1,lakitafu
641012388,http://ftms.act.qq.com/corolla,2017/4/17 23:59,2017/9/30 0:00,2,vickyshu
641012567,,2017/9/21 14:00,2017/9/22 23:59,1,ivyyin
641012477,,2017/6/20 23:59,2017/9/21 23:59,2,viviancai
641012478,,2017/6/20 23:59,2017/9/21 23:59,2,viviancai
641012484,http://huaweinova2.act.qq.com,2017/8/28 0:00,2017/9/21 0:00,2,deanyu
641012551,http://oppotfboys2017.act.qq.com,2017/9/11 0:00,2017/9/16 0:00,3,zhoushenliu
641012538,,2017/8/15 0:00,2017/9/15 23:59,1,chuckielv
641012553,http://xiaomimix2.act.qq.com,2017/9/6 0:00,2017/9/12 0:00,2,yifanli
641012521,http://akclub.act.qq.com,2017/7/28 20:00,2017/9/9 23:59,1,eericaqiao
641012493,http://guliduo.qq.com,2017/8/7 0:00,2017/9/5 0:00,2,reneeliang
641012557,,2017/9/4 20:00,2017/9/4 23:59,1,haozeng
641012530,http://wuling510yunying.act.qq.com,2017/8/2 0:00,2017/8/31 23:59,3,evayhli
641012415,http://svhd.act.qq.com,2017/5/3 23:59,2017/8/31 23:59,1,lakitafu
641012423,http://svygq.act.qq.com,2017/5/4 23:59,2017/8/31 23:59,1,lakitafu
641012414,http://svbf.act.qq.com,2017/5/4 23:59,2017/8/31 23:59,1,lakitafu
641012422,http://svhb.act.qq.com,2017/5/3 23:59,2017/8/31 23:59,1,lakitafu
641012421,http://svhn.act.qq.com,2017/5/4 23:59,2017/8/31 23:59,1,lakitafu
641012542,,2017/8/24 0:00,2017/8/31 23:59,1,nicoxu
641012501,http://mercedes-benz-gla.act.qq.com,2017/7/13 23:00,2017/8/31 23:59,2,amyfliu
641012540,http://landrover.act.qq.com,2017/8/18 23:00,2017/8/31 23:59,1,amozhang
641012447,http://adidasros.act.qq.com,2017/6/14 23:00,2017/8/31 23:59,1,micwang
641012547,http://hengda.qq.com,2017/8/25 0:00,2017/8/31 23:59,3,mmhan
641012442,http://allnewborapathtoglory.act.qq.com,2017/5/18 12:00,2017/8/31 23:59,2,jqchen
641012417,http://svzn.act.qq.com,2017/5/3 23:59,2017/8/31 23:59,1,lakitafu
641012467,http://bisut5.act.qq.com,2017/6/7 12:00,2017/8/31 23:59,3,mmhan
641012534,http://octavia2017.act.qq.com,2017/8/21 22:00,2017/8/31 23:59,1,nicoxu
641012508,http://hbyd2017.act.qq.com,2017/7/14 0:00,2017/8/31 23:59,2,clorishua
641012416,http://svxb.act.qq.com,2017/5/4 23:59,2017/8/31 23:59,1,lakitafu
641012522,http://fpace.act.qq.com,2017/7/28 23:00,2017/8/31 23:59,1,amozhang
641012289,http://qiaolezi.3g.qq.com,2017/3/29 0:00,2017/8/31 23:59,2,dennispang
641012440,http://mbh2017.act.qq.com,2017/5/23 23:00,2017/8/31 23:59,1,wendylin
641012474,http://7upmusic.act.qq.com,2017/7/25 23:00,2017/8/31 23:59,1,chloedong
641012413,http://ktmode.act.qq.com,2017/5/10 23:59,2017/8/31 23:59,3,waynezwchen
641012541,http://jy2017.act.qq.com,2017/8/21 14:00,2017/8/30 23:59,3,maxsu
641012406,http://lego2017.act.qq.com,2017/5/16 18:00,2017/8/30 0:00,2,mollyliu
641012433,http://legoactivity2017.act.qq.com,2017/5/18 18:00,2017/8/30 0:00,2,mollyliu
641012506,http://hitalk.act.qq.com,2017/7/21 17:30,2017/8/28 23:59,2,vanessasun
641012529,,2017/8/13 0:00,2017/8/19 23:59,1,eericaqiao
641012507,http://fotile2017.act.qq.com,2017/8/8 23:00,2017/8/18 23:59,1,haozeng
641012338,,2017/3/8 0:00,2017/7/31 23:59,1,jennyxiong
641012518,http://ec.fy.qq.com,2017/7/27 13:00,2017/7/31 23:59,1,nateji
641012510,http://newregallive.act.qq.com,2017/7/20 16:00,2017/7/31 23:59,1,joilinchen
641012336,http://mcdonalds.act.qq.com,2017/3/27 23:00,2017/7/31 23:59,1,jennyxiong
641012491,http://wanda.act.qq.com,2017/6/29 0:00,2017/7/31 23:59,2,mollyliu
641012375,,2017/6/21 0:00,2017/7/31 23:59,1,chloedong
641012435,http://variant.act.qq.com,2017/5/24 0:00,2017/7/31 23:59,2,vickyshu
641012460,,2017/5/27 23:00,2017/7/31 23:59,1,sweetwu
641012444,http://jactravel.act.qq.com,2017/5/15 18:00,2017/7/31 23:59,1,joilinchen
641012359,http://snickers2017.act.qq.com,2017/4/11 17:30,2017/7/31 23:59,2,looeyyang
641012337,,2017/4/7 0:00,2017/7/31 23:59,1,jennyxiong
641012407,http://nissan-qashqai.act.qq.com,2017/5/5 0:00,2017/7/31 23:59,3,mmhan
641012408,http://nissan-qashqai-h5.act.qq.com,2017/5/5 0:00,2017/7/31 23:59,3,mmhan
641012492,http://xeon.act.qq.com,2017/7/7 23:59,2017/7/31 23:59,2,deanyu
641012432,http://guanyirumn2017wap.qq.com,2017/5/8 0:00,2017/7/31 23:59,2,viviancai
641012520,,2017/7/29 0:00,2017/7/31 23:59,1,chloedong
641012430,,2017/5/8 0:00,2017/7/31 23:59,2,viviancai
641012426,http://chucaizhongguoren.act.qq.com,2017/5/19 0:00,2017/7/31 23:59,2,jqchen
641012365,http://nissan.act.qq.com,2017/3/23 0:00,2017/7/31 23:59,3,wendywqwei
641012459,http://i62017.act.qq.com,2017/5/31 18:00,2017/7/31 23:59,1,amozhang
641012499,,2017/7/21 18:00,2017/7/31 23:59,1,lintaozhang
641012394,http://a3.act.qq.com,2017/4/17 0:00,2017/7/30 23:59,2,mussetwang
641012425,http://bmw-m.act.qq.com,2017/5/18 0:00,2017/7/30 23:59,2,jqchen
641012458,http://mcdonalds.act.qq.com/ar,2017/6/28 23:00,2017/7/28 23:59,1,leslieyyang
641012503,http://xiaomi5x.act.qq.com,2017/7/20 10:00,2017/7/28 0:00,2,yifanli
641012516,http://aodesai.act.qq.com,2017/7/25 0:00,2017/7/26 23:59,3,eddyjli
641012457,http://jd618gongguan.act.qq.com,2017/6/1 0:00,2017/7/20 23:59,2,rebeccaren
641012470,http://saprunlive.act.qq.com,2017/6/30 23:59,2017/7/18 23:59,2,deanyu
641012485,http://oppophotoking2017.act.qq.com,2017/7/6 0:00,2017/7/12 23:59,3,zhoushenliu
641012472,,2017/6/8 0:00,2017/7/8 23:59,1,sweetwu
641012428,,2017/5/8 0:00,2017/7/8 23:59,1,sweetwu
641012497,http://dior.act.qq.com,2017/6/30 23:00,2017/7/8 23:59,1,lintaozhang
641012395,http://molsion.act.qq.com,2017/4/12 0:00,2017/6/30 23:59,3,oliviatang
641012446,http://extra2017.act.qq.com,2017/6/1 23:59,2017/6/30 23:59,3,rubyxu
641012200,,2016/11/1 0:00,2017/6/30 23:59,1,nicoxu
641012434,http://pinganzhijiao.act.qq.com,2017/5/19 0:00,2017/6/30 23:59,3,evayhli
641012069,http://budweiser.qq.com,2016/8/1 0:00,2017/6/30 23:59,1,leojzhang
641012381,http://herbalife2017.act.qq.com,2017/4/13 23:00,2017/6/30 23:59,1,cherylmycai
641012410,http://arrow.act.qq.com,2017/5/5 0:00,2017/6/30 23:59,3,evayhli
641012476,http://kfcpre-order.act.qq.com,2017/6/16 23:00,2017/6/30 23:59,1,ivyyin
641012191,,2016/10/27 0:00,2017/6/30 23:59,1,nicoxu
641012397,http://focusctcc.act.qq.com,2017/4/18 18:00,2017/6/30 23:59,1,amozhang
641012399,,2017/6/1 0:00,2017/6/30 23:59,1,nicoxu
641012452,,2017/6/10 23:59,2017/6/30 23:59,1,nicoxu
641012412,http://lays2017.act.qq.com,2017/6/7 23:00,2017/6/30 23:59,1,chloedong
641012363,http://shdisney.act.qq.com,2017/3/21 14:00,2017/6/30 23:59,1,micwang
641012429,http://xijiugongyi.act.qq.com,2017/5/9 0:00,2017/6/30 23:59,3,lillianqiu
641012409,http://arrow.act.qq.com,2017/5/5 0:00,2017/6/30 23:59,3,evayhli
641012387,http://touareg.qq.com,2017/4/13 23:59,2017/6/30 23:59,2,vickyshu
641012377,http://snowbeer.act.qq.com,2017/4/11 0:00,2017/6/30 23:59,2,oliviapchen
641012466,http://jinlongyu.act.qq.com,2017/6/9 0:00,2017/6/30 23:59,3,kurtxiang
641012401,,2017/4/19 0:00,2017/6/30 23:59,1,jennyxiong
641012480,http://fpacewtocy.act.qq.com,2017/6/21 18:00,2017/6/30 23:59,1,amozhang
641012369,http://ecsort.act.qq.com,2017/3/30 18:00,2017/6/30 23:59,1,amozhang
641012052,http://cmbc.qq.com,2016/7/1 17:00,2017/6/30 23:59,2,zackshang
641012445,http://elevittrueview.act.qq.com,2017/5/18 23:00,2017/6/30 23:59,1,haozeng
641012456,http://nike61.act.qq.com,2017/6/1 23:00,2017/6/30 23:59,1,lintaozhang
641012383,http://jsbjhs.act.qq.com ,2017/4/16 0:00,2017/6/30 23:59,3,danniezhang
641012437,http://zkungfumylogo2017.act.qq.com,2017/5/22 0:00,2017/6/30 23:59,3,kurtxiang
641012471,http://smarttimes.act.qq.com,2017/6/16 12:00,2017/6/30 23:59,2,amyfliu
641012405,http://jsbjhs.act.qq.com,2017/4/27 0:00,2017/6/27 23:59,3,danniezhang
641012479,http://kuga.act.qq.com,2017/6/16 23:00,2017/6/25 23:59,1,amozhang
641012400,,2017/4/17 0:00,2017/6/25 23:59,1,nicoxu
641012341,http://qq.com,2017/3/30 0:00,2017/6/22 23:59,2,amyfliu
641012473,http://jd618zhiboxiu.act.qq.com,2017/6/15 12:00,2017/6/20 23:59,2,rebeccaren
641012453,http://bj310.act.qq.com,2017/6/1 0:00,2017/6/18 23:59,3,maxsu
641012449,http://benz-ngcc.act.qq.com,2017/5/22 17:00,2017/6/15 23:59,2,amyfliu
641012439,,2017/5/11 0:00,2017/6/11 23:59,1,sweetwu
641012455,http://oreo-research.act.qq.com,2017/5/31 23:00,2017/6/7 23:59,1,leojzhang
641012450,http://pinganzb.act.qq.com,2017/5/26 0:00,2017/6/2 23:59,3,evayhli
641012378,http://keaiduo2017.act.qq.com,2017/4/1 0:00,2017/6/1 23:59,1,leslieyyang
641012371,http://ylqqstar.qq.com,2017/4/12 23:59,2017/5/31 23:59,2,yanren
641012382,http://city2017320.act.qq.com,2017/4/1 18:00,2017/5/31 23:59,3,maxsu
641012345,http://airmax.act.qq.com,2017/3/17 23:00,2017/5/31 23:59,1,lintaozhang
641012366,http://jeepearth.act.qq.com,2017/4/14 0:00,2017/5/31 23:59,1,nicoxu
641012451,http://huaweinova2.act.qq.com,2017/5/25 23:59,2017/5/31 23:59,2,deanyu
641012353,http://bx5.act.qq.com,2017/3/17 23:00,2017/5/31 23:59,2,vickyshu
641012384,http://raid.act.qq.com,2017/5/11 0:00,2017/5/31 23:59,1,wendylin
641012402,http://mondeo2017.act.qq.com,2017/4/21 23:00,2017/5/31 23:59,1,amozhang
641012398,http://smart-jwsc.act.qq.com,2017/4/20 0:00,2017/5/31 23:59,2,chrismeng
641012403,http://jx2017.act.qq.com,2017/4/26 0:00,2017/5/31 23:59,3,maxsu
641012361,http://shell.act.qq.com,2017/3/24 0:00,2017/5/31 23:59,2,mussetwang
641012438,http://galaxys8.act.qq.com,2017/5/17 23:59,2017/5/31 23:59,2,deanyu
641012321,http://glc.act.qq.com,2017/2/17 0:00,2017/5/31 23:59,2,mussetwang
641012354,http://viosfs.act.qq.com,2017/3/18 0:00,2017/5/31 23:59,2,vickyshu
641012045,http://mese.act.qq.com,2016/6/30 0:00,2017/5/31 0:00,3,oliviatang
641012393,http://vivoxplay6.act.qq.com,2017/4/15 0:00,2017/5/30 23:59,3,lillianqiu
641012448,http://sljx2017.act.qq.com,2017/5/22 0:00,2017/5/24 23:59,3,maxsu
641012389,http://pepsimovie.act.qq.com,2017/5/12 23:00,2017/5/22 23:59,1,chloedong
641012347,http://tourneo.act.qq.com,2017/3/20 23:59,2017/5/19 23:59,1,lakitafu
641012436,http://cpic0512.act.qq.com,2017/5/11 18:00,2017/5/19 23:59,1,cherylmycai
641012419,http://kuga.act.qq.com,2017/4/28 18:00,2017/5/7 23:59,1,amozhang
641012396,http://jeepnew.act.qq.com,2017/4/17 23:00,2017/4/30 23:59,1,nicoxu
641012319,http://i6.act.qq.com,2017/2/16 17:00,2017/4/30 23:59,1,amozhang
641012320,http://mgzs.act.qq.com,2017/2/13 17:00,2017/4/30 23:59,1,amozhang
641012346,http://bjyh20n.act.qq.com,2017/3/4 17:00,2017/4/30 23:59,2,zackshang
641012364,http://lf328.act.qq.com,2017/3/27 0:00,2017/4/30 23:59,3,maxsu
641012386,http://kodiaq2017.act.qq.com,2017/4/18 0:00,2017/4/30 23:59,1,nicoxu
641012330,http://geshou.act.qq.com,2017/3/1 0:00,2017/4/30 23:59,3,kurtxiang
641011841,http://clearsports.qq.com,2016/3/11 23:00,2017/4/30 23:59,1,didizhou
641012390,http://velite5live.act.qq.com,2017/4/17 23:00,2017/4/30 23:59,1,joilinchen
641012367,http://teramont.act.qq.com,2017/3/27 23:00,2017/4/30 23:59,1,lakitafu
641012368,http://honda2017.act.qq.com,2017/3/28 0:00,2017/4/30 23:59,3,maxsu
641012376,http://galaxyunpack.act.qq.com,2017/3/29 18:00,2017/4/30 23:59,2,deanyu
641012355,http://x40.act.qq.com,2017/3/9 0:00,2017/4/30 23:59,2,vickyshu
641012304,http://sinosig.act.qq.com,2017/1/19 0:00,2017/4/30 0:00,2,bournewang
641012358,http://samsungbranding.act.qq.com,2017/3/10 23:59,2017/4/11 23:59,2,deanyu
641012342,http://s90lfeeds.act.qq.com,2017/3/1 18:00,2017/3/31 23:59,1,joilinchen
641012202,http://jzt4.act.qq.com,2016/11/22 23:00,2017/3/31 23:59,3,estellawang
641012211,http://cestbon2017cny2.act.qq.com,2016/12/8 0:00,2017/3/31 23:59,3,kurtxiang
641012295,http://stride2016.qq.com,2017/1/11 18:00,2017/3/31 23:59,1,ivyyin
641012271,http://u-loveitgowardrobe2.act.qq.com,2017/1/17 0:00,2017/3/31 23:59,3,sitinggong
641012166,http://moto.act.qq.com,2016/9/27 0:00,2017/3/31 23:59,2,winniechai
641012272,http://sqdzbj.act.qq.com,2016/12/20 23:00,2017/3/31 23:59,1,lakitafu
641012324,http://mondeo2016.act.qq.com,2017/2/17 18:00,2017/3/31 23:59,1,amozhang
641012357,http://jeepmv2017.act.qq.com,2017/3/16 23:00,2017/3/31 23:59,1,nicoxu
641012352,http://haiersmarterlife.act.qq.com,2017/3/8 23:59,2017/3/31 23:59,2,rebeccaren
641012339,http://4008.3g.qq.com,2017/3/2 18:00,2017/3/31 23:59,2,mollyliu
641012370,http://huansus5.act.qq.com,2017/3/25 12:00,2017/3/31 23:59,3,maxsu
641012209,http://cestbon2017cny1.act.qq.com,2016/12/13 0:00,2017/3/31 23:59,3,sitinggong
641012348,http://faw-vw.act.qq.com,2017/3/6 18:00,2017/3/31 23:59,2,mollyliu
641012349,http://fpace.act.qq.com,2017/3/16 16:00,2017/3/31 23:59,1,amozhang
641012309,http://taurus2017.act.qq.com,2017/1/23 17:00,2017/3/31 23:59,1,amozhang
641011850,http://lingdong.act.qq.com,2016/3/10 0:00,2017/3/31 23:59,2,chrismeng
641012211,http://cestbon2017cny2.act.qq.com,2016/12/8 0:00,2017/3/31 23:59,3,sitinggong
641012372,,2017/3/27 0:00,2017/3/31 23:59,1,joilinchen
641012101,http://xpptop5.act.qq.com,2016/8/12 23:00,2017/3/31 23:59,1,daisyshen
641012325,http://newdiscovery.act.qq.com,2017/3/1 23:00,2017/3/31 23:59,1,amozhang
641012209,http://cestbon2017cny1.act.qq.com,2016/12/13 0:00,2017/3/31 23:59,3,kurtxiang
641012226,http://mondeo2016.act.qq.com,2016/11/30 16:00,2017/3/31 0:00,1,amozhang
641011888,http://999gml.qq.com,2016/3/30 0:00,2017/3/30 23:59,3,danniezhang
641011887,http://999xg.qq.com,2016/3/30 0:00,2017/3/30 23:59,3,danniezhang
641012311,http://kuaike.act.qq.com,2017/1/23 18:00,2017/3/23 23:59,3,danniezhang
641012301,http://pantene.act.qq.com,2017/1/20 0:00,2017/3/20 23:59,3,raezeng
641012242,http://vsgdragon.act.qq.com,2016/12/8 0:00,2017/3/12 0:00,3,raezeng
641012351,,2017/3/7 8:00,2017/3/9 23:59,1,eericaqiao
641012327,http://shuwechat.act.qq.com,2017/3/6 0:00,2017/3/8 23:59,1,sweetwu
641012350,http://shom.act.qq.com,2017/3/3 8:00,2017/3/5 23:59,1,eericaqiao
641012344,http://suning3cs.act.qq.com,2017/2/27 23:00,2017/3/3 23:59,1,haozeng
641012210,http://cestbon2017cny3.act.qq.com,2016/12/15 0:00,2017/3/1 23:59,3,sitinggong
641012249,http://cestbon2017cny2.act.qq.com,2016/12/19 0:00,2017/3/1 23:59,3,sitinggong
641012250,http://cestbon2017cny3.act.qq.com,2016/12/15 0:00,2017/3/1 23:59,3,sitinggong
641012215,http://cestbon2017.qq.com,2016/11/22 0:00,2017/3/1 23:59,3,sitinggong
641012312,http://audi-used.act.qq.com,2017/1/22 0:00,2017/3/1 23:59,2,mussetwang
641012248,http://cestbon2017cny1.act.qq.com,2016/12/15 0:00,2017/3/1 23:59,3,kurtxiang
641012219,http://u-loveitgowardrobe.act.qq.com,2016/11/22 0:00,2017/3/1 23:59,3,sitinggong
641012249,http://cestbon2017cny2.act.qq.com,2016/12/19 0:00,2017/3/1 23:59,3,kurtxiang
641012250,http://cestbon2017cny3.act.qq.com,2016/12/15 0:00,2017/3/1 23:59,3,kurtxiang
641012215,http://cestbon2017.qq.com,2016/11/22 0:00,2017/3/1 23:59,3,kurtxiang
641012248,http://cestbon2017cny1.act.qq.com,2016/12/15 0:00,2017/3/1 23:59,3,sitinggong
641012210,http://cestbon2017cny3.act.qq.com,2016/12/15 0:00,2017/3/1 23:59,3,kurtxiang
641012230,http://audi-used.act.qq.com,2016/12/2 0:00,2017/3/1 0:00,2,mussetwang
641012286,http://dzhn.act.qq.com,2016/12/23 23:59,2017/2/28 23:59,1,lakitafu
641012293,http://chuanqi.act.qq.com,2016/12/31 0:00,2017/2/28 23:59,3,kurtxiang
641012302,http://nissan.act.qq.com,2017/1/20 0:00,2017/2/28 23:59,3,wendywqwei
641012262,http://bisu.act.qq.com,2016/12/20 0:00,2017/2/28 23:59,3,wendywqwei
641012283,http://dzsdh.act.qq.com,2016/12/23 23:59,2017/2/28 23:59,1,lakitafu
641012332,,2017/2/21 0:00,2017/2/28 23:59,1,nicoxu
641012284,http://dzhb.act.qq.com,2016/12/26 23:59,2017/2/28 23:59,1,lakitafu
641012259,http://mcdonalds.act.qq.com,2017/1/10 17:00,2017/2/28 23:59,1,jennyxiong
641012297,http://geelycny.act.qq.com,2017/1/23 23:59,2017/2/28 23:59,1,lakitafu
641012298,http://tiguanl.act.qq.com,2017/1/16 23:59,2017/2/28 23:59,1,lakitafu
641012300,http://tongshuai.act.qq.com,2017/1/21 0:00,2017/2/28 23:59,2,rebeccaren
641012285,http://dzygq.act.qq.com,2016/12/26 23:00,2017/2/28 23:59,1,lakitafu
641012277,http://dztj.act.qq.com,2016/12/22 23:59,2017/2/28 23:59,1,lakitafu
641012306,http://faw-mazda.act.qq.com,2017/1/23 18:00,2017/2/28 23:59,2,mollyliu
641012294,,2016/12/31 0:00,2017/2/28 23:59,3,kurtxiang
641012299,http://buickgolf.act.qq.com,2017/1/17 19:00,2017/2/28 23:59,1,joilinchen
641012263,http://bisu.act.qq.com,2016/12/20 0:00,2017/2/28 23:59,3,wendywqwei
641012278,http://ambrosial2017cny1.act.qq.com,2016/12/28 0:00,2017/2/28 0:00,2,oliviapchen
641012198,http://ceaqqar.act.qq.com,2016/12/29 23:00,2017/2/28 0:00,1,nicoxu
641012279,http://ambrosial2017cny2.act.qq.com,2016/12/30 0:00,2017/2/28 0:00,2,oliviapchen
641012333,,2017/2/23 0:00,2017/2/26 23:59,1,nicoxu
641012227,http://sjp.act.qq.com,2016/11/23 18:00,2017/2/24 23:59,3,danniezhang
641012256,http://rejoice.act.qq.com,2016/12/23 0:00,2017/2/23 23:59,3,raezeng
641012245,http://rejoice.act.qq.com,2016/12/23 0:00,2017/2/23 23:59,3,raezeng
641012229,http://morningnutrition.act.qq.com,2016/12/13 0:00,2017/2/23 0:00,3,raezeng
641012305,http://sing.act.qq.com,2017/1/23 17:00,2017/2/21 23:59,2,deanyu
641012303,http://adidasoriginal.act.qq.com,2017/1/23 23:00,2017/2/18 23:59,1,micwang
641012331,,2017/2/16 0:00,2017/2/17 23:59,1,nicoxu
641012326,http://meilan0215.act.qq.com,2017/2/13 0:00,2017/2/15 23:59,3,doralei
641012258,http://vsgdragon.act.qq.com,2016/12/13 0:00,2017/2/12 23:59,3,raezeng
641012308,http://applecny.act.qq.com,2017/1/26 0:00,2017/2/12 23:59,2,sophielv
641012322,,2017/2/9 0:00,2017/2/11 23:59,1,eericaqiao
641012241,http://sjpspace.act.qq.com,2016/12/6 0:00,2017/2/6 23:59,3,danniezhang
641012307,http://cpicvideo.act.qq.com,2017/1/22 18:00,2017/2/6 23:59,1,cherylmycai
641012233,http://newjettazhibo.act.qq.com,2016/12/5 9:30,2017/1/31 23:59,2,iceincllai
641012253,http://pepsi2017bhh.act.qq.com,2016/12/28 23:00,2017/1/31 23:59,1,chloedong
641012220,http://newjetta.act.qq.com,2016/11/30 0:00,2017/1/31 23:59,2,jqchen
641012255,http://borgwardbx7.act.qq.com,2016/12/19 12:00,2017/1/31 23:59,2,amyfliu
641012158,http://dove2016.act.qq.com,2016/9/30 0:00,2017/1/31 23:59,2,looeyyang
641012281,http://kotex.act.qq.com,2016/12/23 23:00,2017/1/31 23:59,1,wendylin
641012318,,2017/1/26 0:00,2017/1/31 23:59,1,eericaqiao
641012235,http://c-trek.act.qq.com,2016/12/12 15:00,2017/1/31 23:59,2,amyfliu
641012236,http://c-trek1.act.qq.com,2016/12/13 0:00,2017/1/31 23:59,2,amyfliu
641012251,http://hdhhd3.act.qq.com,2016/12/12 18:00,2017/1/31 23:59,3,maxsu
641012187,http://2016ksfvideowap.qq.com,2016/10/24 0:00,2017/1/31 23:59,2,clorishua
641012186,http://2016ksfvideo.qq.com,2016/10/24 0:00,2017/1/31 23:59,2,clorishua
641012246,http://hdhhd3.act.qq.com,2016/12/7 12:00,2017/1/31 23:59,3,maxsu
641012273,http://mercedes-benz.gla-suv.act.qq.com,2016/12/23 23:59,2017/1/31 23:59,2,chrismeng
641012274,http://mercedes-benz.glc-suv.act.qq.com,2016/12/22 23:59,2017/1/31 23:59,2,chrismeng
641012317,,2017/1/26 8:00,2017/1/28 23:59,1,eericaqiao
641012316,,2017/1/24 8:00,2017/1/26 23:59,1,eericaqiao
641012292,,2017/1/20 10:00,2017/1/25 23:59,2,mussetwang
641012275,http://clarinscny2017.act.qq.com,2016/12/26 23:00,2017/1/25 23:59,1,eericaqiao
641012313,,2017/1/22 14:00,2017/1/24 23:59,1,eericaqiao
641012265,http://vivox9.act.qq.com,2016/12/23 0:00,2017/1/23 23:59,3,lillianqiu
641012264,http://vivox9.act.qq.com,2016/12/23 0:00,2017/1/23 23:59,3,lillianqiu
641012291,http://guizhouxijiu.act.qq.com,2016/12/30 0:00,2017/1/20 23:59,3,lillianqiu
641012290,http://guizhouxijiu.act.qq.com,2017/1/6 0:00,2017/1/20 23:59,3,lillianqiu
641012257,http://morningnutrition.act.qq.com,2016/12/13 0:00,2017/1/19 23:59,3,raezeng
641012282,http://baojun.act.qq.com,2017/1/9 0:00,2017/1/18 23:59,3,kurtxiang
641012287,http://baojun.act.qq.com,2017/1/9 0:00,2017/1/18 23:59,3,kurtxiang
641012180,http://mercedes-benz-smart2016.act.qq.com,2016/10/19 23:00,2017/1/15 23:59,2,amyfliu
641012254,http://sjpspace.act.qq.com,2016/12/13 0:00,2017/1/13 23:59,3,danniezhang
641012288,http://nestleweixiao2017cny.act.qq.com,2017/1/4 0:00,2017/1/13 23:59,2,mengjin
641011760,http://shake.act.qq.com,2016/1/15 0:00,2017/1/13 23:59,2,looeyyang
641012237,http://ckgsb.act.qq.com,2016/12/8 12:00,2017/1/6 23:59,2,amyfliu
